alpha_h,omega_h,delta_h,average_velocity,average_energy,success
0.5235987755982988,2.6179938779914944,0.6981317007977318,0.29262495900419855,3.50029,True
